decision_id,source,decision,conditions,test_id,evaluation,c1,c2,c3,c4,c5,c6,c7,outcome,pair_with,shows,form,observability,notes
DVG-D13,DataValidatorGroup.cpp:187-190,((A&&B)||(C&&D)||(E&&F))&&G,A=max_confidence<0.9f;B=confidence>=0.9f;C=confidence>max_confidence;D=priority>=max_priority;E=|confidence-max_confidence|<0.01f;F=priority>max_priority;G=confidence>0.0f,SQE-DVG-MC-01,"call2,i=1 (m=.95,mp=50,c=.95,p=75)",F,NE(T),F,NE(T),T,T,T,T,SQE-DVG-MC-03;SQE-DVG-MC-02,E;F,unique-cause,O1,"seed: g(2);put(0,T0,V,5,50);get_best(T0)->0 (m=.95 from d=5); candidate put(1,T0+1k,V,5,75);get_best(T0+1k). |c-m|=0 < .01f (E T, exact float match, d identical). p=75>mp=50 (F T). pair_with E,F below."
DVG-D13,DataValidatorGroup.cpp:187-190,((A&&B)||(C&&D)||(E&&F))&&G,A=max_confidence<0.9f;B=confidence>=0.9f;C=confidence>max_confidence;D=priority>=max_priority;E=|confidence-max_confidence|<0.01f;F=priority>max_priority;G=confidence>0.0f,SQE-DVG-MC-02,"call2,i=1 (m=.95,mp=50,c=.95,p=50)",F,NE(T),F,NE(T),T,F,NE(T),F,SQE-DVG-MC-01,F,unique-cause,O1,"candidate put(1,T0+1k,V,5,50): equal priority to seed (F=p>mp=50>50=False), E still T (same confidence). Pairs with MC01 on F."
DVG-D13,DataValidatorGroup.cpp:187-190,((A&&B)||(C&&D)||(E&&F))&&G,A=max_confidence<0.9f;B=confidence>=0.9f;C=confidence>max_confidence;D=priority>=max_priority;E=|confidence-max_confidence|<0.01f;F=priority>max_priority;G=confidence>0.0f,SQE-DVG-MC-03,"call2,i=1 (m=.95,mp=50,c=.93,p=75)",F,NE(T),F,NE(T),F,NE(T),NE(T),F,SQE-DVG-MC-01,E,unique-cause,O1,"candidate put(1,T0+1k,V,7,75) -> c=.93 (d=7). |.93-.95|=0.02f >= 0.01f (E false, >=0.02 away from the 0.01f boundary per SPEC_04 S5). Pairs with MC01 on E."
DVG-D13,DataValidatorGroup.cpp:187-190,((A&&B)||(C&&D)||(E&&F))&&G,A=max_confidence<0.9f;B=confidence>=0.9f;C=confidence>max_confidence;D=priority>=max_priority;E=|confidence-max_confidence|<0.01f;F=priority>max_priority;G=confidence>0.0f,SQE-DVG-MC-04,"call2,i=1 (m=.95,mp=50,c=.97,p=50)",F,NE(T),T,T,NE(F),NE(F),T,T,SQE-DVG-MC-06;SQE-DVG-MC-05,C;D,unique-cause,O1,"candidate put(1,T0+1k,V,3,50) -> c=.97 (d=3), equal priority. C=.97>.95 True, D=50>=50 True -> CD true, E/F short-circuited (NE). Pairs with MC06 on C, MC05 on D."
DVG-D13,DataValidatorGroup.cpp:187-190,((A&&B)||(C&&D)||(E&&F))&&G,A=max_confidence<0.9f;B=confidence>=0.9f;C=confidence>max_confidence;D=priority>=max_priority;E=|confidence-max_confidence|<0.01f;F=priority>max_priority;G=confidence>0.0f,SQE-DVG-MC-05,"call2,i=1 (m=.95,mp=50,c=.97,p=25)",F,NE(T),T,F,F,NE(F),NE(T),F,SQE-DVG-MC-04,D,unique-cause,O1,"candidate put(1,T0+1k,V,3,25) -> c=.97, priority 25<50. C true but D false -> CD false, falls to E: |.97-.95|=0.02f>=0.01f so E false too, F short-circuited (NE). Pairs with MC04 on D."
DVG-D13,DataValidatorGroup.cpp:187-190,((A&&B)||(C&&D)||(E&&F))&&G,A=max_confidence<0.9f;B=confidence>=0.9f;C=confidence>max_confidence;D=priority>=max_priority;E=|confidence-max_confidence|<0.01f;F=priority>max_priority;G=confidence>0.0f,SQE-DVG-MC-06,"call2,i=1 (m=.95,mp=50,c=.93,p=50)",F,NE(T),F,NE(T),F,NE(F),NE(T),F,SQE-DVG-MC-04,C,unique-cause,O1,"candidate put(1,T0+1k,V,7,50) -> c=.93<.95 (C false), E: |.93-.95|=.02f>=.01f false, F short-circuited (NE). Pairs with MC04 on C."
DVG-D13,DataValidatorGroup.cpp:187-190,((A&&B)||(C&&D)||(E&&F))&&G,A=max_confidence<0.9f;B=confidence>=0.9f;C=confidence>max_confidence;D=priority>=max_priority;E=|confidence-max_confidence|<0.01f;F=priority>max_priority;G=confidence>0.0f,SQE-DVG-MC-07,"call2,i=1 (m=.89,mp=50,c=.95,p=25)",T,T,NE(T),NE(F),NE(F),NE(F),T,T,SQE-DVG-MC-08,A,unique-cause,O1,"seed put(0,T0,V,11,50)->confidence .89999998f (d=11, measured float32, < 0.9f -> A true). candidate put(1,T0+1k,V,5,25)->c=.95>=0.9f (B true). AB true, C..F short-circuited (NE). Pairs with MC08 on A."
DVG-D13,DataValidatorGroup.cpp:187-190,((A&&B)||(C&&D)||(E&&F))&&G,A=max_confidence<0.9f;B=confidence>=0.9f;C=confidence>max_confidence;D=priority>=max_priority;E=|confidence-max_confidence|<0.01f;F=priority>max_priority;G=confidence>0.0f,SQE-DVG-MC-08,"call2,i=1 (m=.91,mp=50,c=.95,p=25)",F,NE(T),T,F,F,NE(F),NE(T),F,SQE-DVG-MC-07,A,unique-cause,O1,"seed put(0,T0,V,9,50)->confidence .91000003f (d=9, measured float32, >= 0.9f -> A false). candidate same as MC07 (c=.95,p=25). AB false (B true alone insufficient), falls to C (.95>.91 true), D(25>=50 false) -> CD false, E(|.95-.91|=.04f>=.01f false), F NE. Pairs with MC07 on A."
DVG-D13,DataValidatorGroup.cpp:187-190,((A&&B)||(C&&D)||(E&&F))&&G,A=max_confidence<0.9f;B=confidence>=0.9f;C=confidence>max_confidence;D=priority>=max_priority;E=|confidence-max_confidence|<0.01f;F=priority>max_priority;G=confidence>0.0f,SQE-DVG-MC-09,"call2,i=1 (m=.80,mp=50,c=.95,p=25)",T,T,NE(T),NE(F),NE(F),NE(F),T,T,SQE-DVG-MC-10,B,unique-cause,O1,"seed put(0,T0,V,20,50)->c=.80 (A true, far from 0.9f boundary). candidate c=.95 (B true). AB true. Pairs with MC10 on B."
DVG-D13,DataValidatorGroup.cpp:187-190,((A&&B)||(C&&D)||(E&&F))&&G,A=max_confidence<0.9f;B=confidence>=0.9f;C=confidence>max_confidence;D=priority>=max_priority;E=|confidence-max_confidence|<0.01f;F=priority>max_priority;G=confidence>0.0f,SQE-DVG-MC-10,"call2,i=1 (m=.80,mp=50,c=.85,p=25)",T,F,T,F,F,NE(F),NE(T),F,SQE-DVG-MC-09,B,unique-cause,O1,"seed same as MC09 (m=.80, A true). candidate put(1,T0+1k,V,15,25)->c=.85<0.9f (B false, d=15 far from boundary). AB false, C(.85>.80 true), D(25>=50 false)->CD false, E(|.85-.80|=.05f>=.01f false), F NE. Pairs with MC09 on B."
DVG-D13,DataValidatorGroup.cpp:187-190,((A&&B)||(C&&D)||(E&&F))&&G,A=max_confidence<0.9f;B=confidence>=0.9f;C=confidence>max_confidence;D=priority>=max_priority;E=|confidence-max_confidence|<0.01f;F=priority>max_priority;G=confidence>0.0f,SQE-DVG-MC-11,"call1,i=0 (m=-1,mp=-1000,c=0,p=0)",T,F,T,T,NE(F),NE(T),F,F,SQE-DVG-MC-12,G,unique-cause,O1,"very first get_best() on a fresh g(2), sensor0 never put(): confidence()=0 (ERROR_FLAG_NO_DATA, DataValidator.cpp L106-108). G=c>0.0f False, decision False regardless of inner. Pairs with MC12 on G."
DVG-D13,DataValidatorGroup.cpp:187-190,((A&&B)||(C&&D)||(E&&F))&&G,A=max_confidence<0.9f;B=confidence>=0.9f;C=confidence>max_confidence;D=priority>=max_priority;E=|confidence-max_confidence|<0.01f;F=priority>max_priority;G=confidence>0.0f,SQE-DVG-MC-12,"call1,i=0 (m=-1,mp=-1000,c=.50,p=50)",T,F,T,T,NE(F),NE(T),T,T,SQE-DVG-MC-11,G,unique-cause,O1,"very first get_best() on a fresh g(2), sensor0 put(0,T0,V,50,50) just before -> c=.50 (d=50), p=50. A true (m=-1<0.9), B false (.50<0.9) -> AB false; C(.50>-1 true), D(50>=-1000 true)->CD true, E/F short-circuited. G true. Pairs with MC11 on G."
DVG-D14,DataValidatorGroup.cpp:203,max_index != _curr_best || ((max_confidence < FLT_EPSILON) && (_curr_best >= 0)),H=max_index!=_curr_best;I=max_confidence<FLT_EPSILON;J=_curr_best>=0,SQE-DVG-MC-13,call3 (switch 0->1 after sensor0 TIMEOUT),T,NE(F),NE(T),,,,,T,SQE-DVG-MC-14,H,unique-cause,O2,"g(2);put(0,T0,V,0,50);put(1,T0+1k,V,0,50);get_best(T0+1k)=>0;put(1,T0+50k,V2,0,50);get_best(T0+50k)=>1 (sensor0 silent, >40000us timeout since its last put at T0). max_index=1 != _curr_best=0 -> H true; I,J not evaluated (OR short-circuits on H true)."
DVG-D14,DataValidatorGroup.cpp:203,max_index != _curr_best || ((max_confidence < FLT_EPSILON) && (_curr_best >= 0)),H=max_index!=_curr_best;I=max_confidence<FLT_EPSILON;J=_curr_best>=0,SQE-DVG-MC-14,"call2 (stable, sensor0 keeps winning on priority)",F,F,NE(T),,,,,F,SQE-DVG-MC-13,H,unique-cause,O2,"g(2);put(0,T0,V,0,50);get_best(T0)=>0 (call1, seeds _curr_best=0); put(1,T0+1,V,0,40);get_best(T0+1) (call2). Loop1 reseeds m=1.0/mp=50 from sensor0 at T0+1 (still d=0). Loop2: sensor0 vs itself -> False; sensor1 (c=1.0,p=40) -> C false(tie), D false(40<50), E true, F false(40>50 false) -> False. max_index stays 0 == _curr_best(0) -> H false; I false (max_confidence=1.0 not < FLT_EPSILON); J not evaluated."
DVG-D14,DataValidatorGroup.cpp:203,max_index != _curr_best || ((max_confidence < FLT_EPSILON) && (_curr_best >= 0)),H=max_index!=_curr_best;I=max_confidence<FLT_EPSILON;J=_curr_best>=0,SQE-DVG-MC-18,"call2 (single sensor, fresh data, stable)",F,F,NE(T),,,,,F,,,-,O2,"g(1);put(0,T0,V,0,50);get_best(T0)=>0;put(0,T0+1k,V2,0,50);get_best(T0+1k). Same sensor still best: H false, I false (confidence stays 1.0, not < FLT_EPSILON), J not evaluated (AND short-circuits on I false)."
DVG-D14,DataValidatorGroup.cpp:203,max_index != _curr_best || ((max_confidence < FLT_EPSILON) && (_curr_best >= 0)),H=max_index!=_curr_best;I=max_confidence<FLT_EPSILON;J=_curr_best>=0,SQE-DVG-MC-19,call3 (single sensor silent > timeout),F,T,T,,,,,T,SQE-DVG-MC-18;SQE-DVG-MC-20,I;J,unique-cause,O2,"continuing MC18's sensor: get_best(T0+41001+1), >40000us since the last put at T0+1000. confidence(timestamp) is now 0 (ERROR_FLAG_TIMEOUT, DataValidator.cpp L110-113) for the only sibling; Loop1's seed also recomputes confidence at this timestamp so max_confidence=0 < FLT_EPSILON (I true). Loop2's D13 for the only sibling has G=confidence>0.0f=False, so max_index is never updated away from the Loop1 seed (0) -> max_index==_curr_best==0, H false. J true (_curr_best=0>=0). Decision true via I&&J, not H -- independent demonstration that H alone is not sufficient."
DVG-D14,DataValidatorGroup.cpp:203,max_index != _curr_best || ((max_confidence < FLT_EPSILON) && (_curr_best >= 0)),H=max_index!=_curr_best;I=max_confidence<FLT_EPSILON;J=_curr_best>=0,SQE-DVG-MC-20,call1 (single sensor never fed),F,T,F,,,,,F,,,-,O2,"g(1);get_best(T0) as the very first call ever, sensor0 never put(): confidence()=0 (ERROR_FLAG_NO_DATA, DataValidator.cpp L106-108) -> max_confidence=0<FLT_EPSILON so I true, but _curr_best is still its construction value -1 throughout this call (only written at the end of get_best(), L241) -> J false. I&&J false. max_index stays -1 (G=confidence>0.0f=False in D13 for the only sibling, so Loop2 never sets max_index away from the Loop1-seed value, which itself never fires since pre_check_best=-1 never matches i>=0) == _curr_best(-1) -> H false. Decision false. This is the control row proving the DVG-D14 infeasible vector H=F/I=F/J=F is correctly never produced by real inputs: here I=T, not I=F, consistent with the proof in MCDC_ANALYSIS.md S2 (I is forced True whenever H=F and J=F)."
DVG-D15,DataValidatorGroup.cpp:207-208,pre_check_prio != -1 && pre_check_prio < max_priority && fabsf(pre_check_confidence - max_confidence) < 0.1f,K=pre_check_prio!=-1;L=pre_check_prio<max_priority;M=|pre_check_confidence-max_confidence|<0.1f,SQE-DVG-MC-01,"call2 (equal-confidence, higher-priority switch -- D14 True there via H)",T,T,T,,,,,T,SQE-DVG-MC-21;SQE-DVG-MC-04,K;L,unique-cause,O2,"reuses SQE-DVG-MC-01's call2 setup (D13 block): call1 seeds pre_check_prio=50/pre_check_confidence=.95 from sensor0; call2 candidate sensor1 (d=5,prio75) wins via D13's E&&F path, max_priority becomes 75, max_confidence stays .95 (identical d). K: 50!=-1 true. L: 50<75 true. M: |.95-.95|=0<0.1f true -> D15 true, true_failsafe set False. Observed via failover_count() staying 0 across this call (O2) -- a priority-preferred switch is not counted as a failsafe."
DVG-D15,DataValidatorGroup.cpp:207-208,pre_check_prio != -1 && pre_check_prio < max_priority && fabsf(pre_check_confidence - max_confidence) < 0.1f,K=pre_check_prio!=-1;L=pre_check_prio<max_priority;M=|pre_check_confidence-max_confidence|<0.1f,SQE-DVG-MC-04,"call2 (strictly-better-confidence, equal-priority switch -- D14 True there via H)",T,F,NE(T),,,,,F,SQE-DVG-MC-01,L,unique-cause,O2,"reuses SQE-DVG-MC-04's call2 setup: call1 seeds pre_check_prio=50; candidate sensor1 (same priority 50) wins via D13's C&&D path on confidence alone. K: 50!=-1 true. L: 50<50 false -> M not evaluated. D15 false, true_failsafe stays True. Observed via failover_count() incrementing by 1 (O2) -- flags finding F-11 (confidence-only, same-priority switches always counted as failsafes, even though this one is arguably a legitimate improvement, not a sensor fault) for work/FINDINGS.md; not an oracle to paper over (R4), the matrix records the real code behaviour."
DVG-D15,DataValidatorGroup.cpp:207-208,pre_check_prio != -1 && pre_check_prio < max_priority && fabsf(pre_check_confidence - max_confidence) < 0.1f,K=pre_check_prio!=-1;L=pre_check_prio<max_priority;M=|pre_check_confidence-max_confidence|<0.1f,SQE-DVG-MC-22,call2 (equal/higher priority but confidence drops by >=0.1 -- D14 True there via H),T,T,F,,,,,F,SQE-DVG-MC-01,M,unique-cause,O2,"g(2);put(0,T0,V,50,50);get_best(T0)=>0 (call1, d=50 -> confidence .50, seeds pre_check_prio=50/pre_check_confidence=.50); put(1,T0+1k,V,5,75);get_best(T0+1k) (call2: candidate d=5 -> confidence .95, priority 75, wins D13's A&&B path since seed confidence .50<0.9f and candidate confidence .95>=0.9f). pre_check_prio=50, max_priority=75 -> K true, L true. pre_check_confidence=.50 (recomputed fresh at T0+1k, unchanged since no new put for sensor0), max_confidence=.95: |.50-.95|=0.45f which is >= 0.1f -> M false. D15 false, true_failsafe stays True. Observed via failover_count() incrementing (O2) -- a confidence jump this large is treated as a real failsafe-worthy event even though priority also increased, distinguishing M from L (MC01 has small |diff|, this has large)."
DVG-D15,DataValidatorGroup.cpp:207-208,pre_check_prio != -1 && pre_check_prio < max_priority && fabsf(pre_check_confidence - max_confidence) < 0.1f,K=pre_check_prio!=-1;L=pre_check_prio<max_priority;M=|pre_check_confidence-max_confidence|<0.1f,SQE-DVG-MC-21,"call1 (very first get_best(), D14 True via H alone -- K-false control vector)",F,NE(T),NE(T),,,,,F,SQE-DVG-MC-01,K,unique-cause,O3,"g(2);put(0,T0,V,50,50);get_best(T0) as the VERY FIRST call (no prior get_best(), _curr_best starts -1). Loop1's `i == pre_check_best` (pre_check_best=_curr_best=-1) never matches any i>=0, so pre_check_prio stays at its init -1 -> K false; L,M not evaluated (AND short-circuits on K false). D14 is True here via H alone (max_index becomes 0, _curr_best starts -1, 0!=-1), so D15 IS reached and evaluated with K=False. Per MCDC_ANALYSIS.md S2: K=False forces _curr_best<0 at this call's entry (K only differs from pre_check_prio's init value when Loop1 actually seeds it, which requires pre_check_best=_curr_best>=0), which in turn forces the `_curr_best < 0` branch at L219 regardless of D15's/true_failsafe's value -- so this row's outcome has NO effect on failover_count() or any other getter. Evidence is O3: per-test coverage of this test must show line 210 (`true_failsafe = false;`) NOT executed, contrasted with MC01's per-test coverage showing it WAS executed (evidence/coverage/pertest/, to be captured in P08/P10)."
DVG-D32,DataValidatorGroup.cpp:282-283,next->used() && (next->state() != DataValidator::ERROR_FLAG_NO_ERROR) && (i == (unsigned)_prev_best),P=next->used();Q=next->state()!=NO_ERROR;R=i==(unsigned)_prev_best,SQE-DVG-MC-13,"failover_index()/failover_state() after real failover, i=0",T,T,T,,,,,T,SQE-DVG-MC-25,P,unique-cause,O1,"i=0, after a real failover: g(2);put(0,T0,V,0,50);get_best(T0)=>0 (call1);put(1,T0+1,V,0,40);get_best(T0+1)=>0 (call2, sensor0 still wins, _prev_best stays -1 -> 0 only gets set once a REAL switch happens); put(1,T0+50000,V2,0,40);get_best(T0+50000) (call3: sensor0 now silent since T0, >40000us timeout -> its confidence()=0, ERROR_FLAG_TIMEOUT set in its _error_mask; sensor1 fresh -> wins, max_index=1 != _curr_best=0 -> real failsafe, _prev_best=pre_check_best=0, _curr_best=1). failover_index()/failover_state() scan from i=0: sensor0 used() true (P true), state()==ERROR_FLAG_TIMEOUT!=NO_ERROR (Q true), i(0)==(unsigned)_prev_best(0) (R true) -> returns i=0 / ERROR_FLAG_TIMEOUT immediately (loop does not reach sensor1)."
DVG-D32,DataValidatorGroup.cpp:282-283,next->used() && (next->state() != DataValidator::ERROR_FLAG_NO_ERROR) && (i == (unsigned)_prev_best),P=next->used();Q=next->state()!=NO_ERROR;R=i==(unsigned)_prev_best,SQE-DVG-MC-23,"failover_index()/failover_state() after sensor0 recovers, i=0",T,F,NE(T),,,,,F,SQE-DVG-MC-13,Q,unique-cause,O1,"i=0, sensor0 recovered after the MC13 failover: continuing MC13's state, put(0,T0+60000,V,0,50) (sensor0 sends fresh data again, clearing its error mask via confidence()'s `ret>0.0f` branch which resets _error_mask=ERROR_FLAG_NO_ERROR, DataValidator.cpp L136-138); put(1,T0+60000,V2,0,40); get_best(T0+60000) (confidence() must be CALLED on sensor0, e.g. via this get_best(), for the mask reset to take effect -- confirmed DataValidator.cpp L131-138, the reset only happens inside confidence()); then failover_index()/failover_state(). At i=0: used() true (P true), but state() is now NO_ERROR (mask was reset by the confidence() call above) -> Q false; R not evaluated (AND short-circuits on Q false). Loop continues to i=1: sensor1 used() true, state()==NO_ERROR (never errored) -> Q false again -> loop exits, returns -1 / NO_ERROR."
DVG-D32,DataValidatorGroup.cpp:282-283,next->used() && (next->state() != DataValidator::ERROR_FLAG_NO_ERROR) && (i == (unsigned)_prev_best),P=next->used();Q=next->state()!=NO_ERROR;R=i==(unsigned)_prev_best,SQE-DVG-MC-24,"failover_index()/failover_state() -- sensor timed out but never was best, i=1",T,T,F,,,,,F,SQE-DVG-MC-13,R,unique-cause,O1,"i=1, sensor1 timed out but was never the best sensor; prev_best stays 0 from the bootstrap call: g(2);put(0,T0,V,0,50);put(1,T0,V,0,40);get_best(T0)=>0 (call1, FIRST-EVER call: sensor0 wins on priority tie; since _curr_best starts <0, the bookkeeping branch at L219-220 sets _prev_best=max_index=0, not pre_check_best -- confirmed by re-reading L218-224 directly this session, correcting an earlier draft of this note); put(0,T0+50000,V2,0,50);get_best(T0+50000) (call2: sensor1 never refreshed since T0, now silent >40000us -> times out (confidence()=0, G false in D13, so Loop2 never updates max_index away from the Loop1-reseeded value 0); sensor0 still fresh and already current best -> max_index stays 0==_curr_best -> D14 false, no failover, _prev_best stays 0 from call1). failover_index()/failover_state() scan: i=0, sensor0 used() true (P true), state()==NO_ERROR (never errored) -> Q false, loop continues; i=1, sensor1 used() true (P true), state()==ERROR_FLAG_TIMEOUT!=NO_ERROR (Q true), but i(1)==(unsigned)_prev_best(0) is false (R false, 1!=0) -> loop exits without an early return, final return -1 / NO_ERROR."
DVG-D32,DataValidatorGroup.cpp:282-283,next->used() && (next->state() != DataValidator::ERROR_FLAG_NO_ERROR) && (i == (unsigned)_prev_best),P=next->used();Q=next->state()!=NO_ERROR;R=i==(unsigned)_prev_best,SQE-DVG-MC-25,"failover_index()/failover_state(), continuing MC13's state -- put() with timestamp=0 resets used(), i=0",F,NE(T),NE(T),,,,,F,SQE-DVG-MC-13,P,unique-cause,O1,"i=0, sensor0's error state is reset to used()=False by a fresh put() with the DOMAIN-INVALID timestamp 0 (code-feasible, not realistic -- see notes below): continuing MC13's post-failover state directly (_curr_best=1, _prev_best=0, sensor0's _error_mask=ERROR_FLAG_TIMEOUT from the timeout detected in MC13's call3), call put(0, 0, V, 0, 50) directly (timestamp=0) with NO intervening get_best()/confidence() call. DataValidator::put() unconditionally sets `_time_last = timestamp` (DataValidator.cpp L97); used() is defined as `_time_last > 0` (DataValidator.hpp:104) -- with timestamp=0, _time_last becomes 0, so used() is FALSE (P false); Q,R not evaluated (AND short-circuits on P false). Loop continues to i=1 (sensor1, used=True, state=NO_ERROR since it reset its own mask when it won in MC13's call3) -> Q false there too -> final return -1 / NO_ERROR. FEASIBLE IN CODE (put() accepts any uint64_t timestamp including 0, no validation) but DOMAIN-INVALID (real sensor timestamps from hrt_absolute_time() are never exactly 0 after boot) -- kept as a deliberate code-feasible/domain-invalid probe per SPEC_04's lecture-8 distinction (code-feasible vs domain-valid), not treated as an infeasible-vector exclusion since the code path IS genuinely reachable."
DVG-D34,DataValidatorGroup.cpp:301-302,next->used() && (next->state() != DataValidator::ERROR_FLAG_NO_ERROR) && (i == (unsigned)_prev_best),P=next->used();Q=next->state()!=NO_ERROR;R=i==(unsigned)_prev_best,SQE-DVG-MC-13,"failover_state() (same scenario as D32, different getter) after real failover, i=0",T,T,T,,,,,T,SQE-DVG-MC-25,P,unique-cause,O1,"i=0, after a real failover: g(2);put(0,T0,V,0,50);get_best(T0)=>0 (call1);put(1,T0+1,V,0,40);get_best(T0+1)=>0 (call2, sensor0 still wins, _prev_best stays -1 -> 0 only gets set once a REAL switch happens); put(1,T0+50000,V2,0,40);get_best(T0+50000) (call3: sensor0 now silent since T0, >40000us timeout -> its confidence()=0, ERROR_FLAG_TIMEOUT set in its _error_mask; sensor1 fresh -> wins, max_index=1 != _curr_best=0 -> real failsafe, _prev_best=pre_check_best=0, _curr_best=1). failover_index()/failover_state() scan from i=0: sensor0 used() true (P true), state()==ERROR_FLAG_TIMEOUT!=NO_ERROR (Q true), i(0)==(unsigned)_prev_best(0) (R true) -> returns i=0 / ERROR_FLAG_TIMEOUT immediately (loop does not reach sensor1)."
DVG-D34,DataValidatorGroup.cpp:301-302,next->used() && (next->state() != DataValidator::ERROR_FLAG_NO_ERROR) && (i == (unsigned)_prev_best),P=next->used();Q=next->state()!=NO_ERROR;R=i==(unsigned)_prev_best,SQE-DVG-MC-23,"failover_state() (same scenario as D32, different getter) after sensor0 recovers, i=0",T,F,NE(T),,,,,F,SQE-DVG-MC-13,Q,unique-cause,O1,"i=0, sensor0 recovered after the MC13 failover: continuing MC13's state, put(0,T0+60000,V,0,50) (sensor0 sends fresh data again, clearing its error mask via confidence()'s `ret>0.0f` branch which resets _error_mask=ERROR_FLAG_NO_ERROR, DataValidator.cpp L136-138); put(1,T0+60000,V2,0,40); get_best(T0+60000) (confidence() must be CALLED on sensor0, e.g. via this get_best(), for the mask reset to take effect -- confirmed DataValidator.cpp L131-138, the reset only happens inside confidence()); then failover_index()/failover_state(). At i=0: used() true (P true), but state() is now NO_ERROR (mask was reset by the confidence() call above) -> Q false; R not evaluated (AND short-circuits on Q false). Loop continues to i=1: sensor1 used() true, state()==NO_ERROR (never errored) -> Q false again -> loop exits, returns -1 / NO_ERROR."
DVG-D34,DataValidatorGroup.cpp:301-302,next->used() && (next->state() != DataValidator::ERROR_FLAG_NO_ERROR) && (i == (unsigned)_prev_best),P=next->used();Q=next->state()!=NO_ERROR;R=i==(unsigned)_prev_best,SQE-DVG-MC-24,"failover_state() (same scenario as D32, different getter) -- sensor timed out but never was best, i=1",T,T,F,,,,,F,SQE-DVG-MC-13,R,unique-cause,O1,"i=1, sensor1 timed out but was never the best sensor; prev_best stays 0 from the bootstrap call: g(2);put(0,T0,V,0,50);put(1,T0,V,0,40);get_best(T0)=>0 (call1, FIRST-EVER call: sensor0 wins on priority tie; since _curr_best starts <0, the bookkeeping branch at L219-220 sets _prev_best=max_index=0, not pre_check_best -- confirmed by re-reading L218-224 directly this session, correcting an earlier draft of this note); put(0,T0+50000,V2,0,50);get_best(T0+50000) (call2: sensor1 never refreshed since T0, now silent >40000us -> times out (confidence()=0, G false in D13, so Loop2 never updates max_index away from the Loop1-reseeded value 0); sensor0 still fresh and already current best -> max_index stays 0==_curr_best -> D14 false, no failover, _prev_best stays 0 from call1). failover_index()/failover_state() scan: i=0, sensor0 used() true (P true), state()==NO_ERROR (never errored) -> Q false, loop continues; i=1, sensor1 used() true (P true), state()==ERROR_FLAG_TIMEOUT!=NO_ERROR (Q true), but i(1)==(unsigned)_prev_best(0) is false (R false, 1!=0) -> loop exits without an early return, final return -1 / NO_ERROR."
DVG-D34,DataValidatorGroup.cpp:301-302,next->used() && (next->state() != DataValidator::ERROR_FLAG_NO_ERROR) && (i == (unsigned)_prev_best),P=next->used();Q=next->state()!=NO_ERROR;R=i==(unsigned)_prev_best,SQE-DVG-MC-25,"failover_state() (same scenario as D32, different getter) -- put() with timestamp=0 resets used(), i=0",F,NE(T),NE(T),,,,,F,SQE-DVG-MC-13,P,unique-cause,O1,"i=0, sensor0's error state is reset to used()=False by a fresh put() with the DOMAIN-INVALID timestamp 0 (code-feasible, not realistic -- see notes below): continuing MC13's post-failover state directly (_curr_best=1, _prev_best=0, sensor0's _error_mask=ERROR_FLAG_TIMEOUT from the timeout detected in MC13's call3), call put(0, 0, V, 0, 50) directly (timestamp=0) with NO intervening get_best()/confidence() call. DataValidator::put() unconditionally sets `_time_last = timestamp` (DataValidator.cpp L97); used() is defined as `_time_last > 0` (DataValidator.hpp:104) -- with timestamp=0, _time_last becomes 0, so used() is FALSE (P false); Q,R not evaluated (AND short-circuits on P false). Loop continues to i=1 (sensor1, used=True, state=NO_ERROR since it reset its own mask when it won in MC13's call3) -> Q false there too -> final return -1 / NO_ERROR. FEASIBLE IN CODE (put() accepts any uint64_t timestamp including 0, no validation) but DOMAIN-INVALID (real sensor timestamps from hrt_absolute_time() are never exactly 0 after boot) -- kept as a deliberate code-feasible/domain-invalid probe per SPEC_04's lecture-8 distinction (code-feasible vs domain-valid), not treated as an infeasible-vector exclusion since the code path IS genuinely reachable."
